RPM,MPH,CurrentGear,RevMatch,Time
655,0,1,-1,118
659,0,1,-1,213
663,0,1,-1,520
672,0,1,-1,620
667,0,1,-1,1146
661,0,1,-1,1247
657,0,1,-1,1579
650,0,1,-1,1677
648,0,1,-1,1785
651,0,1,-1,2091
644,0,1,-1,2191
649,0,1,-1,2304
649,0,1,-1,2608
649,0,1,-1,2923
655,0,1,-1,3039
655,0,1,-1,3137
654,0,1,-1,3450
662,0,1,-1,3535
658,0,1,-1,3644
660,0,1,-1,3769
662,0,1,-1,3864
660,0,1,-1,3973
661,0,1,-1,4294
653,0,1,-1,4403
651,0,1,-1,4524
652,0,1,-1,4624
647,0,1,-1,4732
652,0,1,-1,4862
648,0,1,-1,4962
647,0,1,-1,5043
648,0,1,-1,5174
646,0,1,-1,5489
654,0,1,-1,5604
655,0,1,-1,5914
657,0,1,-1,6002
659,0,1,-1,6074
661,0,1,-1,6173
853,0,1,-1,6707
1119,0,1,-1,6807
1290,0,1,-1,6907
1414,0,1,-1,7034
1546,0,1,-1,7140
1566,0,1,-1,7444
1532,0,1,-1,7535
1462,0,1,-1,7643
826,2,1,-1,8459
1126,2,1,-1,8563
1319,3,1,-1,8663
1423,4,1,-1,8971
1245,4,1,-1,9061
1142,5,1,-1,9381
1462,5,1,-1,9489
1476,6,1,-1,9607
1443,6,1,-1,9704
1504,6,1,-1,9808
1596,6,1,-1,9918
1670,6,1,-1,10208
1820,8,1,-1,10708
1886,8,1,-1,10803
1938,8,1,-1,10903
1977,8,1,-1,10996
1976,8,1,-1,11119
1964,8,1,-1,11228
1896,8,1,-1,11533
1471,8,1,-1,11621
1329,8,1,-1,11724
1029,8,2,865,11852
1028,8,2,865,11944
1242,8,1,-1,12247
1175,8,2,865,12358
1199,9,2,973,12443
1248,9,2,973,12553
1316,9,2,973,12844
1339,9,2,973,12946
1358,10,2,1081,13046
1386,10,2,1081,13149
1415,10,2,1081,13274
1452,11,2,1189,13577
1450,11,2,1189,13684
1456,11,2,1189,13970
1456,11,2,1189,14070
1454,11,2,1189,14164
1461,11,2,1189,14276
1459,11,2,1189,14564
1450,11,2,1189,14670
1453,11,2,1189,14799
1442,11,2,1189,14909
1435,11,2,1189,15023
1420,11,2,1189,15125
1380,10,2,1081,15427
1413,10,2,1081,15524
1384,10,2,1081,15623
1314,10,2,1081,15724
1335,10,2,1081,15823
1365,9,2,973,16331
1368,10,2,1081,16435
1361,10,2,1081,16526
1378,10,2,1081,16988
1377,10,2,1081,17287
1378,10,2,1081,17385
1354,10,2,1081,17482
1381,10,2,1081,17783
1385,10,2,1081,17874
1381,10,2,1081,17981
1375,10,2,1081,18274
1378,10,2,1081,18573
1389,10,2,1081,18674
1390,10,2,1081,18773
1365,10,2,1081,19090
1371,10,2,1081,19173
1378,10,2,1081,19273
1386,10,2,1081,19396
1375,10,2,1081,19474
1392,10,2,1081,19574
1399,10,2,1081,19674
1391,10,2,1081,19773
1410,10,2,1081,19881
1422,10,2,1081,19964
1465,11,2,1189,20651
1411,11,2,1189,20951
1372,11,2,1189,21043
1303,11,2,1189,21144
1220,11,2,1189,21240
1173,11,2,1189,21531
1083,11,2,1189,21628
1040,10,2,1081,21928
902,9,2,973,22216
887,9,2,973,22303
882,9,2,973,22405
876,8,2,865,22504
876,7,2,757,22794
873,6,2,648,22895
872,5,1,-1,23195
844,4,1,-1,23489
825,4,1,-1,23583
825,3,1,-1,23686
817,3,1,-1,23784
812,3,1,-1,24079
817,2,1,-1,24178
815,1,1,-1,24269
797,1,1,-1,24614
806,1,1,-1,24719
810,0,1,-1,24824
824,0,1,-1,24908
829,0,1,-1,25006
828,0,1,-1,25109
821,0,1,-1,25205
833,0,1,-1,25307
864,0,1,-1,25795
1229,1,1,-1,26286
1288,3,1,-1,26572
1406,3,1,-1,26666
1637,3,1,-1,26768
1797,4,1,-1,26866
1833,4,1,-1,26967
1834,4,1,-1,27071
1877,8,1,-1,27596
2004,8,1,-1,27696
2126,9,1,-1,27795
2301,9,1,-1,27904
2457,9,1,-1,27999
2547,10,1,-1,28096
2617,11,1,-1,28193
2457,11,1,-1,28296
2235,11,1,-1,28400
2093,11,1,-1,28494
1942,11,1,-1,28597
1803,11,1,-1,28729
1908,11,1,-1,28825
1902,12,1,-1,28931
1933,13,2,1405,29229
1886,13,2,1405,29333
1838,14,2,1514,29426
1909,14,2,1514,29519
1991,14,2,1514,29656
2067,15,2,1622,29753
2105,16,2,1730,29873
2138,16,2,1730,29979
2209,16,2,1730,30058
2217,17,2,1838,30192
2259,17,2,1838,30293
2293,17,2,1838,30375
2293,18,2,1946,30480
2331,18,2,1946,30602
2335,18,2,1946,30685
2341,18,2,1946,30773
2361,18,2,1946,31065
2396,18,2,1946,31165
2424,18,2,1946,31267
2426,18,2,1946,31362
2427,18,2,1946,31463
2446,18,2,1946,31588
2460,18,2,1946,31668
2475,18,2,1946,31756
2412,19,2,2054,31857
2293,19,2,2054,31949
2147,19,2,2054,32044
1992,19,2,2054,32143
1854,19,2,2054,32236
1710,19,3,1457,32343
1607,19,3,1457,32431
1381,19,3,1457,32735
1331,19,3,1457,32846
1263,19,4,1135,32926
1166,18,4,1075,33416
1094,17,4,1015,33504
980,15,4,896,33997
956,15,4,896,34093
916,13,3,996,34385
914,13,3,996,34455
909,13,3,996,34544
906,11,3,843,34844
876,8,2,865,35328
874,8,2,865,35417
870,8,2,865,35499
872,8,2,865,35574
876,8,2,865,35654
880,7,2,757,35740
879,7,2,757,35815
879,4,1,-1,36296
847,3,1,-1,36579
846,3,1,-1,36676
854,3,1,-1,36975
866,3,1,-1,37061
892,3,1,-1,37142
971,3,1,-1,37213
1036,3,1,-1,37294
1230,3,1,-1,37397
1432,3,1,-1,37528
1667,4,1,-1,37617
1825,4,1,-1,37694
1971,4,1,-1,37773
2117,5,1,-1,37867
2228,6,1,-1,37939
2307,6,1,-1,38027
2351,8,1,-1,38316
2305,9,1,-1,38414
2291,9,1,-1,38492
2340,9,1,-1,38573
2533,10,1,-1,38694
2945,12,1,-1,38973
3008,13,1,-1,39266
3403,14,1,-1,39383
3529,14,1,-1,39456
3244,14,1,-1,39533
3118,14,1,-1,39616
2990,14,1,-1,39735
2805,14,1,-1,39821
2829,14,1,-1,39937
2781,15,1,-1,40045
2636,15,1,-1,40146
2494,16,1,-1,40243
2274,16,2,1730,40340
2120,16,2,1730,40428
2164,17,2,1838,40495
2285,18,2,1946,40781
2366,18,2,1946,40856
2440,18,2,1946,40933
2478,18,2,1946,41014
2514,19,2,2054,41097
2544,19,2,2054,41220
2622,19,2,2054,41303
2644,20,2,2163,41375
2679,20,2,2163,41454
2750,21,2,2271,41538
2782,21,2,2271,41615
2804,21,2,2271,41695
2848,21,2,2271,41779
2911,22,2,2379,41858
2938,22,2,2379,41938
2972,22,2,2379,42021
3017,22,2,2379,42102
3057,23,2,2487,42187
3099,23,2,2487,42256
3143,24,2,2595,42336
3186,24,2,2595,42617
3323,25,2,2703,42692
3360,25,2,2703,42776
3419,26,2,2811,42855
3449,26,2,2811,42936
3482,26,2,2811,43029
3530,26,2,2811,43102
3567,27,2,2920,43177
3606,27,2,2920,43255
3657,27,2,2920,43356
3698,28,2,3028,43413
3736,28,2,3028,43493
3766,29,2,3136,43577
3819,29,2,3136,43655
3862,29,2,3136,43739
3948,29,2,3136,43855
3921,29,2,3136,43938
3785,29,2,3136,44019
3641,29,2,3136,44118
3429,29,2,3136,44228
3262,29,2,3136,44314
3204,29,2,3136,44397
3312,29,2,3136,44484
3287,29,2,3136,44576
3003,29,2,3136,44654
2739,30,3,2300,44736
2620,30,3,2300,44813
2706,30,3,2300,44892
2737,30,3,2300,44974
2731,31,3,2377,45054
2757,31,3,2377,45140
2764,31,3,2377,45223
2775,31,3,2377,45298
2809,31,3,2377,45372
2815,31,3,2377,45455
2831,31,3,2377,45536
2844,32,3,2453,45616
2862,32,3,2453,45713
2885,32,3,2453,45773
2892,32,3,2453,45857
2916,32,3,2453,45951
2925,32,3,2453,46017
2938,32,3,2453,46094
2961,33,3,2530,46178
2977,33,3,2530,46255
2992,33,3,2530,46338
3005,34,3,2607,46426
3027,34,3,2607,46505
3033,34,3,2607,46588
3057,34,3,2607,46672
3063,34,3,2607,46737
3080,34,3,2607,46818
3107,34,3,2607,46894
3156,35,3,2684,47174
3175,35,3,2684,47254
3195,36,3,2760,47336
3188,36,3,2760,47414
3220,36,3,2760,47499
3240,36,3,2760,47573
3252,36,3,2760,47654
3271,36,3,2760,47738
3284,36,3,2760,47827
3327,37,3,2837,48299
3399,37,3,2837,48375
3409,38,3,2914,48454
3419,38,3,2914,48544
3448,39,3,2990,48614
3454,39,3,2990,48710
3479,39,3,2990,48974
3528,39,3,2990,49056
3538,39,3,2990,49137
3563,39,3,2990,49233
3585,41,3,3144,49538
3654,42,3,3220,50078
3748,42,3,3220,50134
3766,42,3,3220,50215
3790,42,3,3220,50296
3786,42,3,3220,50375
3833,42,3,3220,50467
3835,43,3,3297,50535
3851,43,3,3297,50620
3862,43,3,3297,50725
3908,44,3,3374,50814
3901,44,3,3374,51110
3308,43,3,3297,51374
3168,43,3,3297,51484
2990,43,3,3297,51573
2943,43,3,3297,51668
2915,43,4,2568,51733
2807,43,4,2568,51851
2845,43,4,2568,52133
2888,43,4,2568,52214
2841,43,4,2568,52300
2885,44,4,2628,52577
2895,44,4,2628,52656
2903,44,4,2628,52778
2916,44,4,2628,52855
2921,44,4,2628,52967
2933,44,4,2628,53055
2920,44,4,2628,53138
2947,44,4,2628,53214
2939,44,4,2628,53333
2951,45,4,2688,53648
2988,45,4,2688,53734
2986,45,4,2688,53815
2988,45,4,2688,53894
2990,45,4,2688,53985
2998,45,4,2688,54070
3008,45,4,2688,54134
3016,45,4,2688,54218
3008,45,4,2688,54295
3010,45,4,2688,54377
3018,45,4,2688,54458
3017,45,4,2688,54538
3014,45,4,2688,54818
3003,45,4,2688,54897
2984,45,4,2688,55178
2991,45,4,2688,55258
2999,45,4,2688,55335
2998,45,4,2688,55419
2986,45,4,2688,55498
2994,45,4,2688,55575
2997,45,4,2688,55655
2994,45,4,2688,55735
2999,45,4,2688,56022
2989,45,4,2688,56095
2989,45,4,2688,56180
2953,45,4,2688,56497
2966,45,4,2688,56645
2936,44,4,2628,56915
2940,44,4,2628,56994
2935,44,4,2628,57074
2939,44,4,2628,57169
2928,44,4,2628,57440
2897,44,4,2628,57961
2866,43,4,2568,58039
2855,43,4,2568,58530
2833,43,4,2568,58593
2827,42,4,2509,58678
2851,43,4,2568,58755
2824,43,4,2568,58837
2847,42,4,2509,59117
2784,42,4,2509,59196
2835,42,4,2509,59277
2809,42,4,2509,59562
2824,42,4,2509,59649
2815,42,4,2509,59916
2823,43,4,2568,60197
2837,43,4,2568,60275
2843,43,4,2568,60370
2842,43,4,2568,60636
2858,43,4,2568,61320
2873,43,4,2568,61405
2903,44,4,2628,61675
2893,44,4,2628,61756
2891,44,4,2628,61834
2904,44,4,2628,62128
2917,44,4,2628,62194
2940,44,4,2628,62289
2947,45,4,2688,62758
2995,45,4,2688,62836
2990,45,4,2688,62917
3003,45,4,2688,62996
3016,46,4,2748,63479
3059,46,4,2748,63558
3071,46,4,2748,63638
3087,47,4,2807,63713
3096,47,4,2807,63793
3120,47,4,2807,64078
3132,47,4,2807,64155
3137,47,4,2807,64235
3139,48,4,2867,64519
3184,48,4,2867,64598
3188,48,4,2867,64672
3192,48,4,2867,64759
3190,48,4,2867,64835
3200,48,4,2867,64914
3235,49,4,2927,65401
3245,49,4,2927,65493
3289,50,4,2986,65763
3409,51,4,3046,67150
3376,51,4,3046,67430
2928,50,4,2986,67746
2747,50,4,2986,67820
2759,50,4,2986,67895
2795,50,4,2986,67990
2891,51,4,3046,68054
2643,50,5,2380,68135
2708,51,5,2428,68218
2693,51,5,2428,68496
2699,51,5,2428,68790
2708,51,5,2428,68857
2705,51,5,2428,68938
2713,52,5,2476,69019
2711,52,5,2476,69127
2716,52,5,2476,69431
2730,52,5,2476,69525
2733,52,5,2476,69813
2755,52,5,2476,70521
2771,52,5,2476,70613
2757,52,5,2476,70926
2787,53,5,2523,71405
2778,53,5,2523,71490
2789,53,5,2523,71564
2795,53,5,2523,71664
2790,53,5,2523,71979
2802,53,5,2523,72471
2800,54,5,2571,72969
2811,54,5,2571,73249
2823,54,5,2571,73547
2836,54,5,2571,73629
2828,54,5,2571,73695
2834,54,5,2571,73780
2852,54,5,2571,73873
2835,54,5,2571,74154
2858,54,5,2571,74434
2865,54,5,2571,74526
2869,54,5,2571,74636
2867,54,5,2571,74719
2875,55,5,2618,74795
2885,55,5,2618,75501
2908,55,5,2618,75561
2916,55,5,2618,75857
2917,55,5,2618,75917
2927,55,5,2618,75994
2925,55,5,2618,76074
2935,55,5,2618,76154
2940,56,5,2666,76434
2955,56,5,2666,76518
2946,56,5,2666,76599
2948,56,5,2666,76682
2966,56,5,2666,76766
2961,56,5,2666,77038
2978,56,5,2666,77113
2963,56,5,2666,77196
2977,57,5,2714,77281
2983,57,5,2714,77361
2978,57,5,2714,77435
2986,57,5,2714,77528
2991,57,5,2714,77595
2985,57,5,2714,77675
2992,57,5,2714,77756
2995,57,5,2714,77836
2995,57,5,2714,78115
3015,57,5,2714,78394
3018,57,5,2714,78475
3020,57,5,2714,78567
3016,57,5,2714,78637
3024,57,5,2714,78715
3038,57,5,2714,79026
3033,57,5,2714,79108
3041,58,5,2761,79403
3049,58,5,2761,79469
3057,58,5,2761,79777
3068,59,5,2809,80058
3077,59,5,2809,80137
3094,59,5,2809,80616
3092,59,5,2809,80695
3100,59,5,2809,80978
3111,59,5,2809,81257
3110,59,5,2809,81337
3106,59,5,2809,81414
3110,59,5,2809,81725
3117,59,5,2809,81807
3120,59,5,2809,81891
3105,59,5,2809,81968
3103,59,5,2809,82045
3112,59,5,2809,82129
3120,59,5,2809,82204
3109,59,5,2809,82286
3105,59,5,2809,82367
3115,59,5,2809,82445
3107,59,5,2809,82525
3112,59,5,2809,82611
3109,59,5,2809,82696
3108,59,5,2809,82781
3092,59,5,2809,83047
3111,59,5,2809,83127
3091,59,5,2809,83408
3091,59,5,2809,83491
3082,59,5,2809,83569
3092,59,5,2809,83643
3084,59,5,2809,83725
3077,59,5,2809,83806
3078,58,5,2761,84091
3068,58,5,2761,84163
3063,58,5,2761,84244
3060,58,5,2761,84325
3056,58,5,2761,84408
3052,58,5,2761,84487
3065,58,5,2761,84765
3036,57,5,2714,84851
3022,57,5,2714,84925
3036,58,5,2761,85209
3028,57,5,2714,85293
3022,57,5,2714,85566
3034,58,5,2761,85848
3021,57,5,2714,85930
3024,57,5,2714,86008
3022,57,5,2714,86091
3035,57,5,2714,86171
3037,58,5,2761,86446
3034,57,5,2714,86528
3038,57,5,2714,86606
3037,58,5,2761,86888
3053,58,5,2761,86965
3056,59,5,2809,87455
3058,58,5,2761,87526
3074,58,5,2761,87604
3064,59,5,2809,87685
3073,59,5,2809,87966
3071,59,5,2809,88048
3074,59,5,2809,88328
3078,59,5,2809,88405
3073,59,5,2809,88487
3075,59,5,2809,88578
3081,59,5,2809,89071
3091,59,5,2809,89378
3089,59,5,2809,89649
3069,59,5,2809,89752
3068,59,5,2809,90041
3084,59,5,2809,90108
3082,59,5,2809,90188
3079,59,5,2809,90265
3071,59,5,2809,90345
3073,59,5,2809,90486
3079,59,5,2809,90785
3077,59,5,2809,90879
3069,58,5,2761,91570
3046,58,5,2761,91855
3046,58,5,2761,91950
3054,58,5,2761,92229
3037,58,5,2761,92304
3029,57,5,2714,92387
3025,57,5,2714,92471
3041,57,5,2714,92547
3043,58,5,2761,92662
3033,57,5,2714,92960
3042,58,5,2761,93247
3047,58,5,2761,93349
3040,58,5,2761,93406
3047,58,5,2761,93487
3043,58,5,2761,93567
3042,58,5,2761,93849
3047,58,5,2761,94126
3055,58,5,2761,94611
3038,57,5,2714,94690
3035,58,5,2761,95444
3053,58,5,2761,95944
3078,59,5,2809,96636
3096,59,5,2809,96921
3085,59,5,2809,96997
3093,59,5,2809,97077
3096,59,5,2809,97155
3094,59,5,2809,97243
3102,59,5,2809,97319
3087,59,5,2809,97599
3096,59,5,2809,97675
3093,59,5,2809,97755
3087,59,5,2809,98259
3073,59,5,2809,98345
3081,59,5,2809,98426
3081,59,5,2809,98505
3077,59,5,2809,98594
3081,59,5,2809,98669
3068,59,5,2809,98767
3067,58,5,2761,98828
3069,58,5,2761,98905
3058,58,5,2761,98988
3048,58,5,2761,99466
3037,58,5,2761,99545
3045,58,5,2761,99659
3049,58,5,2761,99739
3051,58,5,2761,99823
3042,58,5,2761,99896
3016,57,5,2714,100182
2993,57,5,2714,100262
2997,57,5,2714,100536
2955,57,5,2714,100615
2967,56,5,2666,100732
2915,55,5,2618,101487
2898,55,5,2618,101567
2863,54,5,2571,101649
2842,54,5,2571,101732
2848,54,5,2571,101840
2866,54,5,2571,102126
2823,54,5,2571,102426
2832,54,5,2571,102518
2825,54,5,2571,102655
2821,54,5,2571,102947
2842,54,5,2571,103006
2825,54,5,2571,103088
2854,54,5,2571,103366
2843,54,5,2571,103447
2860,54,5,2571,103751
2886,55,5,2618,104036
2886,55,5,2618,104121
2892,55,5,2618,104195
2893,55,5,2618,104494
2917,55,5,2618,104586
2923,55,5,2618,104668
2932,55,5,2618,104782
2933,55,5,2618,104856
2945,56,5,2666,105150
2959,56,5,2666,105245
2970,56,5,2666,105341
2970,56,5,2666,105407
2985,57,5,2714,105489
2994,57,5,2714,105569
2996,57,5,2714,105648
3001,57,5,2714,105731
3006,57,5,2714,105835
3025,57,5,2714,105920
3019,57,5,2714,105998
3027,57,5,2714,106080
3029,57,5,2714,106159
3048,58,5,2761,106265
3055,58,5,2761,106345
3048,58,5,2761,106450
3051,58,5,2761,106510
3052,58,5,2761,106616
3061,58,5,2761,106917
3062,58,5,2761,107010
3070,59,5,2809,107087
3069,59,5,2809,107169
3069,59,5,2809,107249
3067,59,5,2809,107326
3066,59,5,2809,107405
3069,59,5,2809,107705
3075,59,5,2809,107797
3079,59,5,2809,107876
3070,59,5,2809,107958
3074,59,5,2809,108068
3068,59,5,2809,108149
3070,58,5,2761,108228
3076,59,5,2809,108308
3079,59,5,2809,108419
3074,59,5,2809,108497
3068,58,5,2761,108575
3069,59,5,2809,108655
3074,59,5,2809,108769
3070,59,5,2809,108848
3074,59,5,2809,109139
3075,59,5,2809,109207
3076,59,5,2809,109298
3073,59,5,2809,109366
3067,58,5,2761,109446
3079,59,5,2809,109726
3059,58,5,2761,110020
3054,58,5,2761,110090
3074,58,5,2761,110166
3072,59,5,2809,110294
3068,58,5,2761,110357
3067,58,5,2761,110453
3062,58,5,2761,110521
3063,59,5,2809,110799
3064,58,5,2761,110878
3060,58,5,2761,110967
3060,58,5,2761,111072
3057,58,5,2761,111149
3045,58,5,2761,111225
3059,58,5,2761,111321
3052,58,5,2761,111421
3045,58,5,2761,111497
3050,58,5,2761,111580
3049,58,5,2761,111660
3051,58,5,2761,111737
3055,58,5,2761,112040
3049,58,5,2761,112161
3052,58,5,2761,112239
3049,58,5,2761,112318
3056,58,5,2761,112396
3044,58,5,2761,112478
3034,58,5,2761,112562
3022,57,5,2714,112640
2962,57,5,2714,112716
3066,57,4,3405,112824
3011,57,5,2714,113112
3030,57,5,2714,113218
3012,57,5,2714,113296
2992,57,5,2714,113381
2979,57,5,2714,113858
2974,56,5,2666,113978
2944,56,5,2666,114050
2970,56,5,2666,114333
2915,55,5,2618,114410
2898,55,5,2618,114723
2889,55,5,2618,114796
2880,55,5,2618,114880
2864,54,5,2571,114960
2855,54,5,2571,115047
2833,54,5,2571,115118
2831,54,5,2571,115199
2816,54,5,2571,115275
2801,53,5,2523,115377
2783,53,5,2523,115466
2778,53,5,2523,115545
2702,51,5,2428,115825
2697,51,5,2428,115910
2691,51,5,2428,115991
2678,51,5,2428,116065
2515,49,5,2333,116576
2037,47,5,2237,116861
1602,46,5,2190,117347
1127,45,5,2142,117415
952,45,5,2142,118109
1600,45,5,2142,118398
3119,45,3,3450,118489
3178,45,3,3450,118567
3009,45,4,2688,118646
3001,45,4,2688,118727
3015,45,4,2688,118817
2972,45,4,2688,118889
2957,45,4,2688,118972
3042,45,4,2688,119063
2971,45,4,2688,119155
3019,45,4,2688,119249
2964,45,4,2688,119318
2987,45,4,2688,119418
2957,45,4,2688,119510
2981,45,4,2688,119587
2954,45,4,2688,119668
2954,45,4,2688,119747
2951,44,4,2628,119828
2943,44,4,2628,119937
2932,44,4,2628,120019
2927,44,4,2628,120098
2929,44,4,2628,120205
2905,44,4,2628,120285
2904,44,4,2628,120367
2895,44,4,2628,120447
2896,44,4,2628,120571
2881,44,4,2628,120642
2820,43,4,2568,121169
2816,43,4,2568,121258
2847,43,4,2568,121336
2822,42,4,2509,121417
2840,42,4,2509,121503
2830,42,4,2509,121580
2817,42,4,2509,121687
2817,42,4,2509,121766
2829,42,4,2509,121848
2815,42,4,2509,121926
2783,42,4,2509,122035
2797,42,4,2509,122126
2768,42,4,2509,122197
2769,42,4,2509,122276
2760,42,4,2509,122360
2758,42,4,2509,122452
2769,42,4,2509,122518
2756,42,4,2509,122598
2747,42,4,2509,122677
2749,41,4,2449,123008
2709,41,4,2449,123072
2695,41,4,2449,123187
2699,41,4,2449,123258
2676,41,4,2449,123337
2697,41,4,2449,123424
2687,41,4,2449,123497
2660,40,4,2389,123580
2634,40,4,2389,123660
2675,40,4,2389,123766
2639,40,4,2389,123878
2620,39,4,2329,123969
2632,39,4,2329,124239
2609,39,4,2329,124316
2606,39,4,2329,124396
2607,39,4,2329,124476
2586,39,4,2329,124557
2567,39,4,2329,124636
2573,39,4,2329,124719
2573,39,4,2329,124797
2567,39,4,2329,124890
2563,39,4,2329,124959
2543,39,4,2329,125041
2566,39,4,2329,125129
2591,39,4,2329,125408
2577,39,4,2329,125488
2585,39,4,2329,125559
2587,39,4,2329,125692
2601,39,4,2329,125781
2598,39,4,2329,125871
2611,39,4,2329,125949
2612,39,4,2329,126034
2620,39,4,2329,126137
2627,39,4,2329,126207
2619,39,4,2329,126287
2624,39,4,2329,126366
2628,40,4,2389,126449
2637,40,4,2389,126526
2636,40,4,2389,126606
2636,40,4,2389,126888
2634,40,4,2389,126971
2631,40,4,2389,127048
2625,40,4,2389,127161
2567,40,4,2389,127238
2626,39,4,2329,127315
2625,39,4,2329,127396
2602,39,4,2329,127476
2610,39,4,2329,127586
2599,39,4,2329,127666
2592,39,4,2329,127750
2584,39,4,2329,127839
2585,39,4,2329,127948
2572,39,4,2329,128022
2570,39,4,2329,128099
2595,39,4,2329,128377
2563,39,4,2329,128456
2535,38,4,2270,128539
2552,38,4,2270,128646
2572,38,4,2270,128727
2596,38,3,2914,128810
2517,38,4,2270,128886
2567,38,4,2270,128982
2532,39,4,2329,129049
2565,39,4,2329,129349
2589,39,4,2329,129642
2600,39,4,2329,129752
2617,39,4,2329,129827
2608,39,4,2329,129909
2616,39,4,2329,129989
2625,39,4,2329,130067
2632,40,4,2389,130177
2642,40,4,2389,130275
2639,40,4,2389,130340
2641,40,4,2389,130618
2669,40,4,2389,130707
2666,40,4,2389,130830
2675,41,4,2449,130916
2691,41,4,2449,130997
2690,41,4,2449,131080
2704,41,4,2449,131360
2722,41,4,2449,131440
2729,41,4,2449,131516
2732,41,4,2449,131603
2745,41,4,2449,131681
2743,41,4,2449,131761
2764,42,4,2509,131837
2761,42,4,2509,131934
2773,42,4,2509,132001
2779,42,4,2509,132082
2798,42,4,2509,132158
2791,42,4,2509,132236
2804,42,4,2509,132315
2803,42,4,2509,132400
2796,42,4,2509,132479
2794,42,4,2509,132571
2792,42,4,2509,132660
2731,42,4,2509,132747
2774,42,4,2509,132838
2802,42,4,2509,132907
2750,42,4,2509,132990
2779,41,4,2449,133316
2729,41,4,2449,133438
2761,41,4,2449,133516
2714,41,4,2449,133595
2768,41,4,2449,133894
2742,42,4,2509,133969
2763,42,4,2509,134037
2753,42,4,2509,134136
2797,42,4,2509,134200
2772,42,4,2509,134277
2791,42,4,2509,134356
2778,42,4,2509,134659
2814,42,4,2509,134719
2839,42,4,2509,134796
2830,43,4,2568,134910
2838,43,4,2568,134986
2878,44,4,2628,135299
2878,44,4,2628,135378
2885,44,4,2628,135456
2900,44,4,2628,135535
2907,44,4,2628,135645
2919,44,4,2628,135725
2935,44,4,2628,135810
2929,44,4,2628,135886
2937,44,4,2628,136015
2960,45,4,2688,136075
2951,45,4,2688,136157
2966,45,4,2688,136235
2958,45,4,2688,136342
2939,45,4,2688,136426
2959,45,4,2688,136526
2957,45,4,2688,136588
2962,45,4,2688,136687
2950,45,4,2688,136788
2953,44,4,2628,136858
2934,44,4,2628,136936
2933,44,4,2628,137017
2945,44,4,2628,137108
2929,44,4,2628,137182
2923,44,4,2628,137260
2925,44,4,2628,137336
2919,44,4,2628,137438
2904,44,4,2628,137525
2906,44,4,2628,137606
2910,44,4,2628,137689
2895,44,4,2628,137792
2879,44,4,2628,137908
2879,44,4,2628,137988
2879,44,4,2628,138073
2875,44,4,2628,138168
2872,44,4,2628,138257
2854,43,4,2568,138341
2843,43,4,2568,138417
2838,43,4,2568,138498
2836,43,4,2568,138610
2840,43,4,2568,138689
2834,43,4,2568,138770
2785,43,4,2568,138849
2814,42,4,2509,138959
2817,42,4,2509,139040
2795,42,4,2509,139129
2781,42,4,2509,139200
2793,42,4,2509,139307
2804,42,4,2509,139390
2770,42,4,2509,139467
2793,42,4,2509,139548
2786,42,4,2509,139635
2781,42,4,2509,139932
2742,41,4,2449,140266
2785,41,4,2449,140327
2775,42,4,2509,140419
2761,42,4,2509,140485
2780,42,4,2509,140791
2799,42,4,2509,141071
2825,42,4,2509,141157
2864,43,4,2568,141235
2835,43,4,2568,141326
2860,43,4,2568,141400
2853,43,4,2568,141477
2867,43,4,2568,141557
2875,44,4,2628,141648
2881,44,4,2628,141716
2875,44,4,2628,141806
2904,44,4,2628,141910
2919,44,4,2628,141997
2900,44,4,2628,142068
2920,44,4,2628,142358
2948,44,4,2628,142425
2952,44,4,2628,142507
2987,45,4,2688,143005
3012,45,4,2688,143067
3016,45,4,2688,143564
3028,45,4,2688,143637
3008,45,4,2688,143944
3011,45,4,2688,144038
3009,45,4,2688,144129
2983,45,4,2688,144410
2977,45,4,2688,144691
2994,45,4,2688,144785
2992,45,4,2688,144879
3003,45,4,2688,144960
3003,45,4,2688,145038
3004,45,4,2688,145144
2975,45,4,2688,145229
2929,45,4,2688,145311
2940,45,4,2688,145396
3009,45,4,2688,145484
2974,45,4,2688,145609
2971,45,4,2688,145687
2948,45,4,2688,145768
2951,44,4,2628,145846
2924,44,4,2628,146170
2551,44,4,2628,146242
2446,44,4,2628,146319
2430,44,4,2628,146610
2582,44,4,2628,146934
4021,44,3,3374,147050
4606,43,2,4650,147129
4074,44,2,4758,147409
3709,44,3,3374,147498
3792,43,3,3297,147567
3812,42,3,3220,148095
3751,42,3,3220,148385
3736,42,3,3220,148470
3717,41,3,3144,148553
3721,41,3,3144,148627
3712,41,3,3144,148706
3680,41,3,3144,148786
3658,41,3,3144,149071
3606,41,3,3144,149148
3620,40,3,3067,149230
3575,40,3,3067,149307
3565,40,3,3067,149386
3576,40,3,3067,149473
3510,39,3,2990,149548
3479,39,3,2990,149632
3454,38,3,2914,149908
3406,38,3,2914,150016
3345,37,3,2837,150099
3341,37,3,2837,150178
3264,36,3,2760,150457
3246,36,3,2760,150539
3239,36,3,2760,150623
3212,36,3,2760,150697
3205,36,3,2760,150785
3204,36,3,2760,150856
3152,36,3,2760,151138
3170,35,3,2684,151216
3173,35,3,2684,151298
3132,35,3,2684,151400
3117,34,3,2607,151689
3122,34,3,2607,151791
3054,34,3,2607,151888
3066,34,3,2607,151955
3060,34,3,2607,152036
3051,34,3,2607,152145
3058,34,3,2607,152240
3026,34,3,2607,152527
3001,33,3,2530,152621
2981,33,3,2530,152698
2972,33,3,2530,152779
2981,32,2,3460,153057
2937,32,3,2453,153136
2914,32,3,2453,153241
2948,32,3,2453,153329
2851,31,3,2377,153637
2792,31,3,2377,153718
2750,31,3,2377,153814
2727,31,3,2377,153880
2712,30,3,2300,153963
2701,30,3,2300,154066
2676,29,3,2223,154146
2646,29,3,2223,154232
2581,28,3,2147,154507
2556,28,3,2147,154589
2483,27,3,2070,154898
2456,26,2,2811,155194
2361,26,3,1993,155255
2358,26,3,1993,155335
2337,26,3,1993,155431
2287,25,3,1917,155729
2228,25,3,1917,155828
2199,24,3,1840,155900
2175,24,3,1840,155981
2169,24,3,1840,156047
2157,24,3,1840,156127
2138,24,3,1840,156215
2123,24,3,1840,156288
2118,23,3,1763,156595
2082,23,3,1763,156916
2136,23,2,2487,157048
2184,23,2,2487,157130
2080,24,3,1840,157428
2177,24,3,1840,157716
2187,24,3,1840,157797
2195,24,3,1840,158094
2245,26,3,1993,158381
2308,26,3,1993,158466
2312,26,3,1993,158547
2320,26,3,1993,158637
2336,26,3,1993,158715
2367,26,3,1993,159018
2370,26,3,1993,159101
2383,26,3,1993,159181
2402,26,3,1993,159257
2413,27,3,2070,159339
2400,27,3,2070,159416
2415,27,3,2070,159528
2431,27,3,2070,159808
2433,27,3,2070,159899
2426,27,3,2070,159972
2437,27,3,2070,160046
2445,27,3,2070,160129
2447,27,3,2070,160243
2449,27,3,2070,160350
2437,27,3,2070,160430
2428,27,3,2070,160509
2406,27,3,2070,160993
2431,27,3,2070,161068
2405,27,3,2070,161145
2396,26,3,1993,161239
2399,26,3,1993,161514
2343,26,3,1993,161800
2344,26,3,1993,161873
2328,26,3,1993,162161
2273,25,3,1917,162438
2231,24,2,2595,162518
2209,24,3,1840,162590
2191,24,3,1840,162668
2177,24,3,1840,162766
2181,24,3,1840,162874
2154,24,3,1840,162941
2134,24,3,1840,163019
2129,24,3,1840,163097
2109,22,2,2379,163385
2043,22,2,2379,163489
2064,22,2,2379,163610
2023,22,3,1687,163676
1988,22,3,1687,163981
1963,22,3,1687,164050
1983,22,3,1687,164120
1956,22,3,1687,164211
1943,21,2,2271,164311
1944,21,2,2271,164398
1993,21,2,2271,164680
1933,21,3,1610,164747
1937,21,3,1610,164830
1964,21,2,2271,164909
1941,21,2,2271,164988
1970,22,3,1687,165067
1982,22,3,1687,165147
1985,22,3,1687,165449
1999,22,3,1687,165508
2013,22,3,1687,165815
2030,22,3,1687,165901
2030,22,3,1687,166008
2037,22,2,2379,166091
2041,22,2,2379,166166
2035,22,2,2379,166250
2061,22,2,2379,166326
2052,22,2,2379,166405
2072,22,2,2379,166521
2072,23,3,1763,166609
2080,23,3,1763,166679
2089,23,3,1763,166756
2094,23,3,1763,166867
2101,23,3,1763,166945
2126,23,2,2487,167031
2121,24,3,1840,167507
2163,24,3,1840,167616
2170,24,3,1840,167710
2148,24,3,1840,168001
2182,24,3,1840,168055
2163,24,3,1840,168142
2109,23,3,1763,168218
2107,23,3,1763,168298
2093,23,3,1763,168377
2064,22,2,2379,168456
2007,22,3,1687,168739
2011,22,3,1687,168819
2005,22,3,1687,168912
1991,22,3,1687,168980
1990,22,3,1687,169069
1966,22,3,1687,169154
1945,21,2,2271,169245
1933,21,3,1610,169330
1926,21,3,1610,169406
1900,21,3,1610,169487
1886,21,3,1610,169581
1863,21,3,1610,169653
1837,21,3,1610,169726
1808,20,3,1533,170016
1787,20,3,1533,170087
1766,19,2,2054,170171
1777,19,2,2054,170249
1761,19,2,2054,170326
1764,19,2,2054,170409
1806,19,2,2054,170503
1853,19,2,2054,170605
1808,21,3,1610,171087
1973,21,2,2271,171156
1920,21,3,1610,171269
1930,21,3,1610,171347
1962,21,2,2271,171437
2022,22,3,1687,171724
2031,22,3,1687,171787
2049,22,2,2379,171866
2075,22,2,2379,171964
2101,23,3,1763,172072
2104,23,3,1763,172137
2124,23,3,1763,172218
2145,24,3,1840,172296
2154,24,3,1840,172410
2227,24,2,2595,172734
2248,25,3,1917,172796
2275,25,3,1917,172877
2330,26,3,1993,173158
2442,27,3,2070,173668
2464,27,3,2070,173947
2524,28,3,2147,174028
2539,29,3,2223,174310
2617,29,3,2223,174467
2626,29,3,2223,174588
2654,29,3,2223,174658
2667,29,3,2223,174736
2356,29,3,2223,175018
2150,29,3,2223,175329
2337,29,3,2223,175609
2769,29,2,3136,175692
2719,30,3,2300,175989
1993,31,4,1851,176081
2040,31,4,1851,176577
2084,31,4,1851,176640
2061,31,4,1851,176743
2074,32,4,1911,177428
2087,31,4,1851,177567
2079,31,4,1851,177654
2081,31,4,1851,178156
2076,31,4,1851,178278
2066,31,4,1851,178348
2079,31,4,1851,178428
2062,31,4,1851,178515
2075,31,4,1851,178597
2058,31,4,1851,178671
2058,31,4,1851,178964
2041,31,4,1851,179069
2036,31,4,1851,179142
2027,31,4,1851,179218
1964,29,4,1732,180199
1974,29,4,1732,180475
1917,29,4,1732,180536
1907,29,4,1732,180847
1882,28,4,1672,180934
1883,28,4,1672,181007
1885,28,4,1672,181087
1872,28,4,1672,181209
1858,28,4,1672,181289
1623,27,4,1612,181799
1475,27,4,1612,181882
1462,27,4,1612,182011
1423,26,4,1553,182089
1296,26,5,1238,182367
1253,25,5,1190,182447
1229,24,5,1142,182529
1209,24,5,1142,182639
1190,23,5,1095,182730
1154,21,4,1254,183013
1084,21,5,999,183108
1069,19,4,1135,183405
1014,18,4,1075,183466
1000,18,4,1075,183560
954,16,4,955,183839
914,15,4,896,184107
885,13,4,776,184389
876,13,4,776,184470
874,12,3,920,184586
887,10,3,766,184890
896,6,2,648,185621
855,4,1,-1,185877
854,3,1,-1,185987
841,2,1,-1,186266
832,1,1,-1,186375
827,1,1,-1,186459
842,1,1,-1,186540
850,1,1,-1,186823
879,0,1,-1,187113
1347,0,1,-1,187176
1522,1,1,-1,187255
1699,2,1,-1,187551
1923,2,1,-1,187621
1904,4,1,-1,187919
1976,6,1,-1,188203
2132,6,1,-1,188286
2154,6,1,-1,188367
2161,8,1,-1,188459
2143,8,1,-1,188568
2145,9,1,-1,188857
2550,10,1,-1,188992
2663,10,1,-1,189089
2721,11,1,-1,189171
2775,13,1,-1,189670
3231,13,1,-1,189728
3131,13,1,-1,189808
2894,13,1,-1,190308
2600,13,1,-1,190398
2470,14,1,-1,190742
2177,15,2,1622,191036
2153,16,2,1730,191128
2219,16,2,1730,191410
2263,17,2,1838,191501
2380,18,2,1946,191776
2411,18,2,1946,191887
2484,18,2,1946,191962
2517,19,2,2054,192044
2635,19,2,2054,192316
2675,21,2,2271,192614
2825,21,2,2271,192680
2847,21,2,2271,192758
2881,21,2,2271,192848
2926,22,2,2379,192930
3054,22,2,2379,193199
3089,24,2,2595,193486
3221,24,2,2595,193557
3268,24,2,2595,193648
3333,25,2,2703,193750
3301,24,2,2595,193827
3212,24,2,2595,193910
3078,24,2,2595,193992
2902,24,2,2595,194123
2675,24,2,2595,194440
2292,25,3,1917,194734
2279,25,3,1917,194827
2303,26,3,1993,194909
2311,26,3,1993,194989
2330,26,3,1993,195072
2342,26,3,1993,195179
2408,27,3,2070,195461
2427,27,3,2070,195568
2440,27,3,2070,195652
2501,27,2,2920,195930
2529,28,3,2147,196008
2532,28,3,2147,196098
2555,28,3,2147,196168
2619,29,3,2223,196466
2635,29,3,2223,196531
2665,29,3,2223,196616
2674,31,3,2377,197093
2686,30,3,2300,197393
2642,29,3,2223,197698
2670,29,3,2223,197789
2597,29,3,2223,198104
2579,29,3,2223,198178
2575,28,3,2147,198484
2517,28,3,2147,198570
2519,27,2,2920,198646
2500,27,2,2920,198732
2471,27,3,2070,198822
2444,27,3,2070,198888
2449,27,3,2070,198966
2441,27,3,2070,199051
2420,27,3,2070,199128
2405,27,3,2070,199217
2358,26,3,1993,199544
2354,26,3,1993,199828
2316,26,3,1993,199971
2295,25,3,1917,200494
2185,24,3,1840,200590
2159,24,3,1840,200671
2145,24,3,1840,200749
2096,23,3,1763,201057
2068,22,2,2379,201541
2049,22,2,2379,201619
2230,22,2,2379,201698
2064,23,3,1763,201778
2108,23,3,1763,201891
2132,23,2,2487,202182
2113,24,3,1840,202456
2146,24,3,1840,202769
2161,24,3,1840,203049
2186,24,3,1840,203440
2191,24,3,1840,203514
2170,24,3,1840,203625
2190,24,3,1840,203712
2182,24,3,1840,203811
2189,24,3,1840,203889
2190,24,3,1840,204002
2193,24,3,1840,204083
2197,24,3,1840,204162
2207,24,3,1840,204477
2205,24,3,1840,204551
2199,24,3,1840,204640
2198,24,3,1840,205148
2167,24,3,1840,205420
2167,24,3,1840,205496
2168,24,3,1840,205589
2164,24,3,1840,205688
2157,24,3,1840,205778
2134,23,2,2487,205884
2086,23,3,1763,205957
2083,22,2,2379,206259
1687,21,3,1610,206346
1577,21,3,1610,206428
1466,21,3,1610,206534
1447,21,3,1610,206623
1387,20,3,1533,206697
1346,20,4,1194,206777
1281,19,4,1135,206887
1212,19,4,1135,206967
1055,18,4,1075,207321
1002,17,4,1015,207388
984,16,4,955,207469
966,16,4,955,207572
890,14,4,836,207859
886,14,4,836,207938
881,13,4,776,208051
883,12,3,920,208342
870,11,3,843,208412
870,9,2,973,208688
845,9,2,973,208768
838,8,2,865,208847
828,8,2,865,208936
810,8,2,865,209016
799,6,2,648,209102
780,6,2,648,209169
776,6,2,648,209251
775,3,1,-1,209763
819,2,1,-1,210246
833,1,1,-1,210318
829,1,1,-1,210403
830,1,1,-1,210480
830,1,1,-1,210761
849,1,1,-1,210857
1033,1,1,-1,211119
1134,1,1,-1,211198
1835,2,1,-1,211510
2093,3,1,-1,211589
2217,3,1,-1,211697
2254,4,1,-1,211779
2224,4,1,-1,211858
2168,4,1,-1,211942
1937,6,1,-1,212220
1988,8,1,-1,212527
2167,8,1,-1,212609
2333,9,1,-1,212692
2454,9,1,-1,212778
2476,9,1,-1,212849
2465,10,1,-1,212929
2540,11,1,-1,213007
2636,11,1,-1,213088
2708,11,1,-1,213197
2810,11,1,-1,213281
2870,11,1,-1,213357
2916,12,1,-1,213440
2960,12,1,-1,213547
3032,12,1,-1,213632
3080,13,1,-1,213720
2942,13,1,-1,213789
2427,13,1,-1,214067
2374,13,1,-1,214148
2483,13,1,-1,214237
2523,13,1,-1,214339
2473,13,1,-1,214422
2327,13,1,-1,214511
2086,14,2,1514,214605
1793,14,2,1514,214941
2126,16,2,1730,215291
2181,16,2,1730,215400
2192,16,2,1730,215480
2230,16,2,1730,215562
2277,17,2,1838,215639
2323,17,2,1838,215726
2362,18,2,1946,215798
2401,18,2,1946,215888
2453,18,2,1946,215958
2481,18,2,1946,216037
2508,19,2,2054,216123
2673,20,2,2163,216399
2701,20,2,2163,216481
2845,21,2,2271,216824
2931,22,2,2379,216899
2976,22,2,2379,216978
3023,22,2,2379,217062
3058,24,2,2595,217341
3200,24,2,2595,217436
3272,24,2,2595,217509
3321,25,2,2703,217620
3357,25,2,2703,217693
3439,26,2,2811,217770
3489,26,2,2811,217859
3515,26,2,2811,217957
3578,27,2,2920,218042
3649,27,2,2920,218127
3715,27,2,2920,218200
3745,28,2,3028,218286
3763,28,2,3028,218359
3576,28,2,3028,218444
3457,28,2,3028,218522
3326,28,2,3028,218602
3191,28,2,3028,218707
3020,28,2,3028,218787
2890,28,2,3028,218874
2756,28,2,3028,218950
2638,28,2,3028,219057
2793,29,2,3136,219383
2658,29,3,2223,219487
2656,29,3,2223,219570
2690,30,3,2300,219651
2767,31,3,2377,219960
2793,31,3,2377,220033
2814,31,3,2377,220138
2857,32,3,2453,220219
2868,32,3,2453,220300
2887,32,3,2453,220411
2914,33,3,2530,220714
3022,34,3,2607,220800
3043,34,3,2607,220881
3043,34,3,2607,220963
3076,34,3,2607,221047
3106,34,3,2607,221122
3124,34,3,2607,221221
3155,35,3,2684,221313
3166,35,3,2684,221389
3225,36,3,2760,221468
3253,36,3,2760,221659
3261,36,3,2760,221747
3298,37,3,2837,221823
3320,37,3,2837,221903
3326,37,3,2837,222008
3371,37,3,2837,222090
3393,37,3,2837,222167
3416,38,3,2914,222247
3423,38,3,2914,222342
3465,39,3,2990,222624
3513,39,3,2990,222713
3560,39,3,2990,222799
3560,40,3,3067,222879
3542,40,3,3067,222959
3461,40,3,3067,223055
3282,39,3,2990,223149
3161,39,3,2990,223234
3039,39,3,2990,223309
2910,39,3,2990,223390
2744,39,3,2990,223499
2702,39,3,2990,223608
2668,39,3,2990,223688
2656,40,4,2389,223797
2636,40,4,2389,223878
2637,40,4,2389,223959
2648,40,4,2389,224037
2665,41,4,2449,224331
2687,41,4,2449,224397
2710,41,4,2449,224479
2713,41,4,2449,224601
2740,41,4,2449,224702
2744,42,4,2509,224783
2762,42,4,2509,224893
2771,42,4,2509,224970
2782,42,4,2509,225048
2791,42,4,2509,225130
2803,42,4,2509,225220
2811,43,4,2568,225560
2846,43,4,2568,225627
2861,43,4,2568,225709
2882,44,4,2628,225867
2890,44,4,2628,225951
2904,44,4,2628,226034
2921,44,4,2628,226189
2931,44,4,2628,226267
2934,44,4,2628,226372
2950,44,4,2628,226459
2959,44,4,2628,226539
2969,45,4,2688,226623
2975,45,4,2688,226902
3007,45,4,2688,226979
3041,45,4,2688,227063
3034,46,4,2748,227139
3037,46,4,2748,227227
3040,46,4,2748,227299
3065,46,4,2748,227392
3064,46,4,2748,227518
3080,47,4,2807,227601
3094,47,4,2807,227679
3104,47,4,2807,227757
3104,47,4,2807,227863
3118,47,4,2807,227961
3118,47,4,2807,228047
3122,47,4,2807,228109
3118,47,4,2807,228248
3081,47,4,2807,228341
3058,47,4,2807,228412
3119,47,4,2807,228490
3087,47,4,2807,228691
3109,47,4,2807,228761
3074,47,4,2807,228840
3084,47,4,2807,228954
3080,47,4,2807,229033
3074,46,4,2748,229109
3065,46,4,2748,229294
3073,46,4,2748,229377
3057,46,4,2748,229471
3024,46,4,2748,229542
3056,46,4,2748,229620
3042,45,4,2688,229734
3036,45,4,2688,229822
3039,46,4,2748,229889
3021,45,4,2688,229969
3042,45,4,2688,230248
3040,45,4,2688,230328
3007,45,4,2688,230413
3041,45,4,2688,230489
3029,45,4,2688,230571
3029,45,4,2688,230795
3036,46,4,2748,230903
3056,46,4,2748,230977
3055,46,4,2748,231060
3074,46,4,2748,231154
3065,46,4,2748,231244
3082,47,4,2807,231408
3063,47,4,2807,231527
3084,47,4,2807,231658
3075,47,4,2807,231965
3085,47,4,2807,232056
3052,47,4,2807,232132
3058,46,4,2748,232234
3062,46,4,2748,232317
3060,46,4,2748,232399
3020,46,4,2748,232479
2904,46,4,2748,232565
2770,46,4,2748,232669
2623,46,4,2748,232748
2677,46,4,2748,232859
2934,46,4,2748,232948
4706,46,2,4974,233401
4032,45,3,3450,233722
4059,45,3,3450,233860
4101,45,3,3450,233930
4080,45,3,3450,234021
4074,45,3,3450,234120
4042,45,3,3450,234197
4034,45,3,3450,234278
4028,45,3,3450,234601
4000,44,3,3374,234667
3982,44,3,3374,234751
3951,44,3,3374,234868
3947,44,3,3374,234938
3917,44,3,3374,235020
3883,44,3,3374,235129
3883,43,3,3297,235242
3860,43,3,3297,235317
3861,43,3,3297,235411
3864,43,3,3297,235478
3854,43,3,3297,235596
3845,43,3,3297,235667
3817,42,3,3220,235747
3813,42,3,3220,235827
3800,42,3,3220,235923
3778,42,3,3220,236017
3711,41,3,3144,236328
3674,41,3,3144,236418
3663,41,3,3144,236497
3676,41,3,3144,236567
3659,41,3,3144,236666
3640,41,3,3144,236769
3638,41,3,3144,236841
3632,41,3,3144,236920
3620,41,3,3144,237011
3554,39,3,2990,237546
3557,39,3,2990,237821
3534,39,3,2990,237900
3523,39,3,2990,237991
3497,39,3,2990,238066
3677,39,2,4217,238376
3543,40,3,3067,238459
3604,40,3,3067,238591
3632,40,3,3067,238656
3635,41,3,3144,238943
3695,41,3,3144,239019
3734,42,3,3220,239307
3787,42,3,3220,239367
3780,42,3,3220,239450
3731,42,3,3220,239537
3757,42,3,3220,239706
3717,42,3,3220,239789
3787,42,3,3220,239859
3776,42,3,3220,240010
3737,42,3,3220,240317
3700,41,3,3144,240429
3693,41,3,3144,240497
3675,41,3,3144,240585
3682,41,3,3144,240700
3648,41,3,3144,240798
3617,41,3,3144,241192
3625,40,3,3067,241487
3736,41,3,3144,241567
3574,41,3,3144,241686
3708,41,3,3144,241762
3737,42,3,3220,242073
3774,42,3,3220,242367
3842,43,3,3297,242438
3865,43,3,3297,242519
3892,43,3,3297,242606
3912,44,3,3374,242718
3951,44,3,3374,242792
3964,44,3,3374,242900
3988,45,3,3450,243201
3840,45,3,3450,243296
3703,45,3,3450,243359
3435,45,3,3450,243517
3075,45,3,3450,243827
3062,45,4,2688,243907
2962,45,4,2688,244227
3044,46,4,2748,244297
3057,46,4,2748,244417
3133,47,4,2807,244827
3122,47,4,2807,244951
3131,47,4,2807,245256
3081,47,4,2807,245330
3148,47,4,2807,245445
3108,47,4,2807,245547
3137,47,4,2807,245628
3115,47,4,2807,245788
3120,47,4,2807,245904
3104,47,4,2807,246008
3089,47,4,2807,246096
3087,47,4,2807,246168
3083,47,4,2807,246286
3084,46,4,2748,246371
3081,46,4,2748,246439
3022,46,4,2748,246517
3071,46,4,2748,246643
3069,46,4,2748,246720
3072,46,4,2748,246798
3025,46,4,2748,246878
3055,46,4,2748,247018
3074,46,4,2748,247098
3077,47,4,2807,247381
3093,47,4,2807,247457
3101,47,4,2807,247805
3135,47,4,2807,247890
3142,47,4,2807,247959
3175,48,4,2867,248268
3174,48,4,2867,248350
3184,48,4,2867,248476
3193,48,4,2867,248584
3202,49,4,2927,248658
3210,49,4,2927,248738
3208,49,4,2927,248827
3226,49,4,2927,248909
3244,49,4,2927,249059
3252,49,4,2927,249250
3266,49,4,2927,249558
3284,49,4,2927,249638
3289,50,4,2986,249761
3290,50,4,2986,250267
3335,50,4,2986,250551
3369,51,4,3046,250641
3375,51,4,3046,250728
3381,51,4,3046,250844
3396,51,4,3046,250952
3408,52,4,3106,251048
3413,52,4,3106,251118
3428,52,4,3106,251263
3445,52,4,3106,251407
3470,52,4,3106,251594
3481,52,4,3106,251677
3494,53,4,3166,251788
3509,53,4,3166,251903
3512,53,4,3166,252008
3521,54,4,3225,252151
3541,54,4,3225,252231
3515,54,4,3225,252543
2938,53,4,3166,252946
2784,53,5,2523,253016
3026,53,4,3166,253088
2831,54,5,2571,253407
2822,54,5,2571,253487
2823,54,5,2571,253576
2816,54,5,2571,253648
2834,54,5,2571,253729
2841,54,5,2571,254053
2855,54,5,2571,254119
2850,54,5,2571,254411
2861,54,5,2571,254521
2877,55,5,2618,254592
2885,55,5,2618,254870
2879,55,5,2618,254956
2898,55,5,2618,255323
2917,55,5,2618,255750
2931,55,5,2618,255849
2929,55,5,2618,255929
2945,55,5,2618,256013
2942,56,5,2666,256097
2943,56,5,2666,256278
2949,56,5,2666,256359
2956,56,5,2666,256438
2965,56,5,2666,256796
2972,57,5,2714,256899
2977,57,5,2714,257487
2982,57,5,2714,257560
2993,57,5,2714,257646
2991,57,5,2714,257750
2995,57,5,2714,257829
2995,57,5,2714,257916
2993,57,5,2714,258021
3009,57,5,2714,258099
3005,57,5,2714,258208
2998,57,5,2714,258288
3003,57,5,2714,258406
3010,57,5,2714,258478
3006,57,5,2714,258560
3012,57,5,2714,258642
3010,57,5,2714,258769
3023,57,5,2714,258858
3015,57,5,2714,258939
3017,57,5,2714,259017
3025,57,5,2714,259360
3023,57,5,2714,259466
3037,57,5,2714,259535
3030,58,5,2761,259609
3040,57,5,2714,259694
3040,58,5,2761,259800
3044,58,5,2761,260131
3042,58,5,2761,260411
3058,58,5,2761,260722
3060,58,5,2761,260802
3066,58,5,2761,260877
3071,59,5,2809,260991
3059,59,5,2809,261308
3073,59,5,2809,261412
3077,59,5,2809,261532
3076,59,5,2809,261609
3071,59,5,2809,261696
3081,59,5,2809,261767
3083,59,5,2809,262065
3087,59,5,2809,262127
3085,59,5,2809,262243
3092,59,5,2809,262330
3102,59,5,2809,262411
3097,59,5,2809,262491
3094,59,5,2809,262607
3094,59,5,2809,262690
3099,59,5,2809,262807
3101,59,5,2809,262915
3102,59,5,2809,263232
3100,59,5,2809,263321
3100,59,5,2809,263601
3103,59,5,2809,263679
3107,59,5,2809,263808
3106,59,5,2809,263908
3099,59,5,2809,264249
3108,59,5,2809,264599
3114,59,5,2809,264709
3105,59,5,2809,264785
3112,59,5,2809,264867
3118,59,5,2809,265208
3117,59,5,2809,265288
3127,59,5,2809,265401
3119,59,5,2809,265478
3127,59,5,2809,265558
3128,59,5,2809,265621
3126,59,5,2809,266165
3124,59,5,2809,266230
3110,59,5,2809,266307
3109,59,5,2809,266447
3086,59,5,2809,266528
3111,59,5,2809,266610
3088,59,5,2809,266721
3118,59,5,2809,266782
3088,59,5,2809,266888
3114,59,5,2809,267001
3065,59,5,2809,267277
3087,59,5,2809,267344
3085,59,5,2809,267440
3059,58,5,2761,267995
3041,58,5,2761,268067
3078,58,5,2761,268146
3052,58,5,2761,268263
3037,58,5,2761,268380
3065,58,5,2761,268872
3037,58,5,2761,268962
3037,57,5,2714,269040
3041,58,5,2761,269119
3038,57,5,2714,269197
3036,57,5,2714,269277
3042,58,5,2761,269361
3019,57,5,2714,269656
3026,57,5,2714,269740
3028,57,5,2714,270018
3027,57,5,2714,270325
3030,57,5,2714,270444
3037,57,5,2714,270985
3033,57,5,2714,271070
3029,57,5,2714,271148
3028,57,5,2714,271440
3050,58,5,2761,271984
3084,59,5,2809,272779
3093,59,5,2809,272889
3107,59,5,2809,273006
3081,59,5,2809,273118
3083,59,5,2809,273198
3092,59,5,2809,273320
3105,59,5,2809,273406
3102,59,5,2809,273491
3100,59,5,2809,273562
3080,59,5,2809,273899
3093,59,5,2809,274001
3078,59,5,2809,274288
3084,59,5,2809,274413
3088,59,5,2809,274503
3066,58,5,2761,274829
3078,58,5,2761,274935
3094,59,5,2809,275048
3066,59,5,2809,275101
3077,59,5,2809,275620
3080,59,5,2809,275700
3064,58,5,2761,275777
3077,59,5,2809,275841
3078,58,5,2761,276152
3049,58,5,2761,276222
3054,58,5,2761,276302
3057,58,5,2761,276398
3062,58,5,2761,276746
3052,58,5,2761,276817
3044,58,5,2761,277127
3041,58,5,2761,277196
3032,57,5,2714,277269
3033,58,5,2761,277591
3042,58,5,2761,277675
3038,57,5,2714,277816
3025,57,5,2714,277952
3042,58,5,2761,278051
3049,58,5,2761,278128
3039,57,5,2714,278237
3026,57,5,2714,278537
3030,57,5,2714,278687
3034,57,5,2714,278770
3040,58,5,2761,278959
3034,57,5,2714,279038
3037,58,5,2761,279122
3041,58,5,2761,279212
3045,58,5,2761,279726
3056,58,5,2761,279800
3060,58,5,2761,280098
3057,58,5,2761,280406
3078,59,5,2809,280925
3073,59,5,2809,281207
3081,59,5,2809,281530
3091,59,5,2809,281640
3099,59,5,2809,281719
3095,59,5,2809,281807
3094,59,5,2809,282350
3096,59,5,2809,282446
3107,59,5,2809,282563
3102,59,5,2809,283107
3079,59,5,2809,283407
3080,59,5,2809,283530
3060,58,5,2761,283829
3068,59,5,2809,283909
3074,58,5,2761,284000
3053,58,5,2761,284312
3053,58,5,2761,284608
3048,58,5,2761,284719
3035,57,5,2714,285023
3034,57,5,2714,285111
3018,57,5,2714,285218
3039,58,5,2761,285302
3040,57,5,2714,285616
3027,57,5,2714,285732
3035,57,5,2714,285801
3030,57,5,2714,285899
3029,57,5,2714,285990
3035,58,5,2761,286702
3039,58,5,2761,286791
3046,58,5,2761,286871
3044,58,5,2761,286999
3041,58,5,2761,287072
3048,58,5,2761,287591
3057,58,5,2761,287685
3060,58,5,2761,288017
3058,58,5,2761,288120
3062,58,5,2761,288426
3059,58,5,2761,288531
3059,58,5,2761,288610
3057,58,5,2761,288730
3053,58,5,2761,289056
3062,58,5,2761,289119
3061,58,5,2761,289435
3061,58,5,2761,289962
3024,57,5,2714,290284
3004,57,5,2714,290409
2996,57,5,2714,290735
2975,57,5,2714,290848
2962,57,5,2714,290959
2959,56,5,2666,291051
2953,56,5,2666,291154
2946,56,5,2666,291218
2936,55,5,2618,291541
2891,55,5,2618,291608
2878,55,5,2618,291728
2887,55,5,2618,291808
2870,55,5,2618,291893
2853,54,5,2571,291999
2838,54,5,2571,292081
2811,54,5,2571,292391
2727,52,5,2476,293156
2709,52,5,2476,293254
2702,51,5,2428,293389
2680,51,5,2428,293470
2668,50,5,2380,293538
2665,50,5,2380,293836
2618,49,5,2333,294152
2596,49,5,2333,294219
2583,49,5,2333,294280
2580,49,5,2333,294348
2550,49,5,2333,294462
2562,49,5,2333,294564
2549,49,5,2333,294660
2527,48,5,2285,294789
2489,47,5,2237,295132
2482,47,5,2237,295251
2475,47,5,2237,295361
2450,46,5,2190,295509
2438,45,4,2688,295805
2403,45,5,2142,296159
2359,45,5,2142,296261
2345,44,5,2095,296850
2287,43,5,2047,297177
2285,43,5,2047,297292
2272,43,5,2047,297431
2258,43,5,2047,297511
2246,42,5,1999,297684
2247,42,5,1999,297750
2231,42,5,1999,297830
2214,42,5,1999,298203
2211,42,5,1999,298281
2187,42,5,1999,298361
2185,42,5,1999,298701
2189,41,5,1952,298821
2213,41,4,2449,298897
2202,41,4,2449,298991
2184,41,5,1952,299058
2183,41,5,1952,299175
2194,41,5,1952,299248
2292,41,4,2449,299751
3415,41,3,3144,300143
3870,41,2,4434,300227
4342,41,2,4434,300352
4356,42,2,4542,300441
2743,42,4,2509,300760
2823,42,4,2509,300852
2836,42,4,2509,300924
2838,43,4,2568,301234
2884,44,4,2628,301342
2898,44,4,2628,301429
2909,44,4,2628,301499
2917,44,4,2628,301581
2933,45,4,2688,301938
3076,47,4,2807,302925
3120,47,4,2807,303021
3153,48,4,2867,303343
3171,48,4,2867,303431
3190,48,4,2867,303509
3204,49,4,2927,303651
3214,49,4,2927,303731
3226,49,4,2927,303772
3248,49,4,2927,304002
3283,50,4,2986,304319
3300,50,4,2986,304400
3335,50,4,2986,304697
3343,51,4,3046,305019
3388,51,4,3046,305097
3395,52,4,3106,305416
3439,52,4,3106,305537
3480,52,4,3106,305839
3489,53,4,3166,305912
3503,53,4,3166,306231
3563,54,4,3225,306532
3579,54,4,3225,306636
3592,54,4,3225,306738
3614,55,4,3285,306880
3619,55,4,3285,306943
3633,55,4,3285,307251
3671,55,4,3285,307579
3775,55,3,4217,307902
3571,55,4,3285,307991
3269,55,4,3285,308484
2977,55,4,3285,308582
2908,55,5,2618,308686
2931,55,5,2618,308773
2938,55,5,2618,308841
2935,56,5,2666,308932
2936,55,5,2618,309247
2978,57,5,2714,310043
2981,57,5,2714,310119
2972,57,5,2714,310438
2943,57,5,2714,310539
2952,56,5,2666,310650
2927,56,5,2666,310734
2966,56,5,2666,310813
2926,56,5,2666,310889
2945,55,5,2618,311398
2879,55,5,2618,311483
2860,54,5,2571,311560
2865,54,5,2571,312125
2831,53,5,2523,312446
2781,53,5,2523,312527
2705,52,5,2476,312831
2709,51,5,2428,312890
2618,50,5,2380,313407
2596,49,5,2333,313516
2574,49,5,2333,313620
2509,47,5,2237,313930
2452,47,5,2237,314274
2413,46,5,2190,314380
2242,45,5,2142,314528
2025,45,5,2142,314637
1862,45,5,2142,314958
1454,45,5,2142,315072
1400,45,5,2142,315183
1411,45,5,2142,315296
1678,45,5,2142,315390
1976,45,5,2142,315463
2353,45,5,2142,315541
3430,45,3,3450,316051
2805,45,4,2688,316162
3133,45,3,3450,316242
2946,45,4,2688,316973
2972,45,4,2688,317047
2936,44,4,2628,317352
2939,44,4,2628,317457
2936,44,4,2628,317768
2918,44,4,2628,318148
2902,44,4,2628,318251
2893,44,4,2628,318329
2873,44,4,2628,318633
2827,42,4,2509,319347
2783,42,4,2509,319442
2769,42,4,2509,319564
2763,42,4,2509,319657
2745,41,4,2449,319769
2723,41,4,2449,319850
2719,41,4,2449,319922
2702,40,4,2389,320254
2652,40,4,2389,320321
2634,40,4,2389,320391
2607,39,4,2329,320494
2563,39,4,2329,320590
2539,39,4,2329,320652
2494,38,4,2270,320730
2407,38,4,2270,320864
2178,37,4,2210,320950
2069,37,4,2210,321010
1932,36,5,1714,321103
1809,36,5,1714,321178
1652,36,5,1714,321281
1534,35,5,1666,321372
1471,35,5,1666,321441
1396,34,5,1618,321562
1209,34,5,1618,321712
1139,34,5,1618,321800
1086,34,5,1618,321893
1015,33,5,1571,322009
978,32,5,1523,322094
944,31,5,1476,322438
876,30,5,1428,322510
868,29,5,1380,322610
860,28,5,1333,322712
832,27,5,1285,323051
828,26,5,1238,323146
827,26,5,1238,323228
828,25,5,1190,323512
777,24,5,1142,323803
775,23,5,1095,323890
777,22,5,1047,323970
778,22,5,1047,324050
772,22,5,1047,324143
772,21,5,999,324208
794,19,5,904,324557
832,18,5,857,324654
834,18,5,857,324758
833,18,5,857,324862
835,18,5,857,324971
842,18,5,857,325059
918,18,5,857,325138
1064,18,4,1075,325220
1345,18,3,1380,325312
1816,18,2,1946,325411
2115,18,2,1946,325502
2798,18,1,-1,325814
1893,18,2,1946,326123
1566,18,3,1380,326208
1558,18,3,1380,326318
1655,18,3,1380,326417
1583,18,3,1380,326496
1586,18,3,1380,326604
1496,18,3,1380,326750
1427,18,3,1380,326809
1354,18,3,1380,326888
1181,17,3,1303,327444
1113,17,4,1015,327549
1098,16,3,1226,327619
1091,16,4,955,327730
1086,16,4,955,327893
1105,16,3,1226,327979
1112,16,3,1226,328103
1127,16,3,1226,328209
1154,16,3,1226,328289
1966,15,2,1622,328605
2315,15,1,-1,328662
2906,16,1,-1,328921
2934,16,1,-1,329025
2764,16,1,-1,329154
1988,18,2,1946,329694
1724,18,2,1946,330206
1678,18,2,1946,330288
1688,19,3,1457,330403
1690,19,3,1457,330517
1721,19,3,1457,330601
1727,19,3,1457,330676
1730,19,3,1457,331052
1815,20,3,1533,331311
1821,20,3,1533,331425
1835,20,3,1533,331541
1897,21,3,1610,331834
1796,20,3,1533,332173
1432,19,3,1457,332301
1360,19,3,1457,332398
1298,19,3,1457,332507
1239,16,3,1226,333035
1163,15,3,1150,333140
1397,13,2,1405,333459
1519,12,2,1297,333781
1627,11,2,1189,334098
1554,11,2,1189,334152
1493,11,2,1189,334247
1469,11,2,1189,334319
1439,10,2,1081,334620
1359,10,2,1081,334727
1339,10,2,1081,334810
1377,10,2,1081,334851
1350,9,2,973,335293
1276,9,2,973,335609
1336,9,2,973,335747
1319,10,2,1081,336261
1364,10,2,1081,336359
1359,10,2,1081,336460
1385,10,2,1081,336751
1426,10,2,1081,337063
1446,11,2,1189,337128
1440,11,2,1189,337221
1447,11,2,1189,337303
1511,11,2,1189,337961
1521,11,2,1189,338038
1526,11,2,1189,338140
1538,11,2,1189,338219
1536,11,2,1189,338477
1557,11,2,1189,338550
1545,11,2,1189,338665
1569,11,2,1189,338897
1555,11,2,1189,338997
1573,11,2,1189,339132
1492,11,2,1189,339267
1481,11,2,1189,339360
1556,11,2,1189,339464
1435,9,1,-1,340642
1312,9,2,973,340768
1278,9,2,973,340863
1297,9,2,973,341135
1300,9,2,973,341240
1213,9,2,973,341330
1316,9,2,973,341597
1366,9,1,-1,341688
1424,9,1,-1,341779
1591,10,1,-1,342123
1477,11,2,1189,342449
1482,11,2,1189,342530
1484,11,2,1189,343039
1498,11,2,1189,343148
1469,11,2,1189,343395
1448,10,2,1081,343694
1500,11,2,1189,344067
1464,11,2,1189,344340
1496,11,2,1189,344430
1506,11,2,1189,344546
1496,11,2,1189,344647
1477,11,2,1189,344741
1454,11,2,1189,344867
1483,11,2,1189,344981
1094,11,2,1189,345571
959,9,2,973,346089
944,9,2,973,346232
889,8,2,865,346562
877,8,2,865,346653
873,8,2,865,346728
833,6,2,648,347375
811,6,2,648,347473
796,6,2,648,347554
795,6,2,648,347690
768,6,2,648,348013
766,6,2,648,348170
784,6,2,648,348476
812,6,2,648,348583
829,6,2,648,348676
824,6,2,648,348873
782,5,1,-1,349265
791,5,1,-1,349577
810,5,1,-1,349680
813,4,1,-1,349720
807,4,1,-1,349980
801,4,1,-1,350056
792,4,1,-1,350168
784,4,1,-1,350302
784,4,1,-1,350395
788,4,1,-1,350508
805,4,1,-1,350665
825,4,1,-1,350769
838,3,1,-1,350912
828,3,1,-1,351034
817,3,1,-1,351149
803,2,1,-1,351263
779,1,1,-1,351383
752,1,1,-1,351444
744,1,1,-1,351529
733,1,1,-1,351642
732,0,1,-1,351739
727,0,1,-1,352034
736,0,1,-1,352191
736,0,1,-1,352291
781,0,1,-1,352855
777,0,1,-1,352943
823,0,1,-1,353122
1015,0,1,-1,353270
1467,0,1,-1,353487
1581,0,1,-1,353660
1564,0,1,-1,353768
1514,0,1,-1,353938
1494,0,1,-1,354012
1489,1,1,-1,354129
1501,1,1,-1,354182
1516,1,1,-1,354548
1488,1,1,-1,354623
1426,1,1,-1,355001
1446,1,1,-1,355088
1455,1,1,-1,355201
1459,1,1,-1,355289
1465,1,1,-1,355454
1483,1,1,-1,355607
1387,1,1,-1,355926
1225,1,1,-1,356311
830,0,1,-1,356756
787,0,1,-1,356892
762,0,1,-1,357009
749,0,1,-1,357154
740,0,1,-1,357261
734,0,1,-1,357360
732,0,1,-1,357466
722,0,1,-1,357790
962,0,1,-1,358130
1137,0,1,-1,358253
1492,0,1,-1,358367
1645,1,1,-1,358659
1643,1,1,-1,358824
1601,1,1,-1,358942
1561,2,1,-1,359038
1522,2,1,-1,359152
1390,3,1,-1,359371
1226,3,1,-1,359476
1114,3,1,-1,359677
946,3,1,-1,360018
912,3,1,-1,360134
880,2,1,-1,360260
875,2,1,-1,360499
879,1,1,-1,360847
772,1,1,-1,361097
738,1,1,-1,361240
721,0,1,-1,361401
707,0,1,-1,361531
696,0,1,-1,361727
708,0,1,-1,361858
739,0,1,-1,361986
736,0,1,-1,362290
723,0,1,-1,362419
1162,0,1,-1,362512
1574,0,1,-1,362603
1804,0,1,-1,362733
1902,0,1,-1,362851
1877,0,1,-1,362996
1775,0,1,-1,363135
1652,0,1,-1,363244
1571,0,1,-1,363319
1535,1,1,-1,363512
1570,1,1,-1,363631
1612,1,1,-1,363732
1640,1,1,-1,363813
1649,1,1,-1,363971
1617,2,1,-1,364051
1593,2,1,-1,364200
1554,2,1,-1,364310
1528,2,1,-1,364416
1516,3,1,-1,364570
1396,3,1,-1,364740
1370,3,1,-1,364811
1287,2,1,-1,364916
1145,2,1,-1,365034
1049,2,1,-1,365176
976,1,1,-1,365276
939,1,1,-1,365379
902,1,1,-1,365532
860,1,1,-1,365644
812,0,1,-1,365769
790,0,1,-1,365913
765,0,1,-1,366049
741,0,1,-1,366186
730,0,1,-1,366531
983,0,1,-1,366873
1603,0,1,-1,366986
1759,1,1,-1,367183
1770,1,1,-1,367308
1699,1,1,-1,367422
1565,1,1,-1,367575
1405,2,1,-1,367650
1288,2,1,-1,367700
1220,3,1,-1,367821
994,3,1,-1,367987
803,3,1,-1,368071
783,3,1,-1,368192
968,3,1,-1,368378
1040,3,1,-1,368526
1071,3,1,-1,368658
1073,3,1,-1,368781
1081,3,1,-1,368880
1047,3,1,-1,369216
1024,3,1,-1,369342
993,2,1,-1,369489
956,1,1,-1,369621
897,1,1,-1,369714
874,1,1,-1,369849
822,0,1,-1,370030
801,0,1,-1,370173
793,0,1,-1,370313
797,0,1,-1,370446
801,0,1,-1,370574
809,0,1,-1,370682
809,0,1,-1,370840
813,0,1,-1,370963
832,0,1,-1,371101
924,0,1,-1,371243
1301,0,1,-1,371469
1503,0,1,-1,371570
1545,0,1,-1,371716
1528,0,1,-1,371849
1497,1,1,-1,371961
1470,1,1,-1,372107
1451,1,1,-1,372218
1422,1,1,-1,372331
1391,1,1,-1,372440
1396,1,1,-1,372548
1417,1,1,-1,372688
1390,1,1,-1,372818
1332,1,1,-1,372960
1278,1,1,-1,373067
1243,1,1,-1,373349
1184,1,1,-1,373483
1271,1,1,-1,373588
1620,1,1,-1,374007
1617,1,1,-1,374156
1558,1,1,-1,374278
1521,1,1,-1,374394
1495,1,1,-1,374511
1474,1,1,-1,374562
1459,1,1,-1,374699
1423,1,1,-1,374811
1393,1,1,-1,374890
1369,1,1,-1,375010
1333,1,1,-1,375158
1252,1,1,-1,375330
1167,1,1,-1,375383
1158,1,1,-1,375533
1159,1,1,-1,375646
1195,1,1,-1,376087
1240,1,1,-1,376170
1240,1,1,-1,376301
1231,1,1,-1,376430
1220,1,1,-1,376511
1207,1,1,-1,376604
1195,1,1,-1,376762
1189,1,1,-1,376859
1199,1,1,-1,376955
1213,1,1,-1,377065
1246,1,1,-1,377241
1300,1,1,-1,377349
1317,1,1,-1,377478
1291,1,1,-1,377590
1239,1,1,-1,377714
1189,1,1,-1,377849
1155,1,1,-1,378104
1243,1,1,-1,378333
1353,1,1,-1,378733
1358,1,1,-1,378848
1320,1,1,-1,379233
1148,1,1,-1,379412
1065,1,1,-1,379519
869,1,1,-1,379787
752,1,1,-1,379982
691,1,1,-1,380109
667,1,1,-1,380204
668,1,1,-1,380334
765,1,1,-1,380506
928,1,1,-1,380653
1194,1,1,-1,380759
1517,1,1,-1,381055
1402,1,1,-1,381187
1341,1,1,-1,381293
1277,0,1,-1,381617
1149,0,1,-1,381753
1138,0,1,-1,381872
1158,0,1,-1,381991
1188,0,1,-1,382089
1222,1,1,-1,382847
1182,1,1,-1,383007
1041,1,1,-1,383275
1024,1,1,-1,383574
1120,1,1,-1,383740
1142,1,1,-1,383909
1144,1,1,-1,384044
1133,1,1,-1,384152
1114,1,1,-1,384267
1089,1,1,-1,384381
1087,1,1,-1,384511
1095,0,1,-1,384608
1110,0,1,-1,384744
1209,0,1,-1,384893
1314,0,1,-1,385038
1409,0,1,-1,385187
1465,0,1,-1,385417
1456,0,1,-1,385530
1417,0,1,-1,385642
1390,0,1,-1,385740
1394,0,1,-1,385994
1428,0,1,-1,386111
1460,0,1,-1,386180
1464,0,1,-1,386281
1444,0,1,-1,386323
1436,0,1,-1,386469
1517,0,1,-1,386596
1356,0,1,-1,386769
1136,0,1,-1,386846
1012,0,1,-1,387055
880,0,1,-1,387254
827,0,1,-1,387407
763,0,1,-1,387490
736,0,1,-1,387638
674,0,1,-1,387749
585,0,1,-1,387877
621,1,1,-1,387983
858,1,1,-1,388172
1235,1,1,-1,388306
1363,1,1,-1,388393
1357,1,1,-1,388605
1240,1,1,-1,388714
1046,1,1,-1,388832
972,2,1,-1,388953
876,2,1,-1,389113
787,1,1,-1,389295
762,1,1,-1,389408
734,1,1,-1,389634
737,0,1,-1,389772
747,0,1,-1,389888
725,0,1,-1,390182
718,0,1,-1,390264
706,0,1,-1,390382
685,0,1,-1,390562
689,0,1,-1,390652
693,0,1,-1,390744
686,0,1,-1,390834
691,0,1,-1,390943
697,0,1,-1,391057
710,0,1,-1,391204
908,0,1,-1,391318
1189,0,1,-1,391437
1504,0,1,-1,391539
1611,0,1,-1,391642
1623,0,1,-1,391810
1555,0,1,-1,391919
1394,0,1,-1,392253
1286,0,1,-1,392349
1217,0,1,-1,392480
1209,1,1,-1,392761
1332,1,1,-1,392849
1438,1,1,-1,392989
1480,1,1,-1,393266
1473,1,1,-1,393409
1476,1,1,-1,393519
1463,1,1,-1,393645
1439,1,1,-1,393760
1427,1,1,-1,393849
1415,1,1,-1,393958
1413,1,1,-1,394050
1410,1,1,-1,394159
1414,1,1,-1,394258
1419,1,1,-1,394404
1431,1,1,-1,394522
1435,1,1,-1,394634
1430,1,1,-1,394756
1388,1,1,-1,394880
1348,1,1,-1,395199
1310,0,1,-1,395537
1369,0,1,-1,395635
1375,0,1,-1,395786
1362,1,1,-1,395910
1357,1,1,-1,396006
1355,1,1,-1,396098
1365,1,1,-1,396233
1395,0,1,-1,396561
1382,0,1,-1,396689
1302,0,1,-1,396978
1274,0,1,-1,397044
1266,0,1,-1,397112
1256,0,1,-1,397212
1237,0,1,-1,397374
1220,0,1,-1,397480
1238,0,1,-1,397552
1268,0,1,-1,397694
1306,0,1,-1,397789
1344,0,1,-1,397909
1380,0,1,-1,398015
1415,0,1,-1,398371
1413,0,1,-1,398504
1398,0,1,-1,398600
1382,0,1,-1,398641
1375,0,1,-1,398682
1383,0,1,-1,398814
1417,0,1,-1,398871
1445,0,1,-1,399000
1472,0,1,-1,399097
1482,0,1,-1,399193
1486,0,1,-1,399294
1488,0,1,-1,399362
1489,0,1,-1,399623
1478,0,1,-1,399705
1471,0,1,-1,399774
1465,0,1,-1,399895
1457,0,1,-1,400012
1449,0,1,-1,400080
1439,0,1,-1,400130
1429,0,1,-1,400267
1459,0,1,-1,400330
1452,0,1,-1,400377
1412,0,1,-1,400482
1320,0,1,-1,400639
1105,0,1,-1,400755
988,0,1,-1,400872
910,0,1,-1,401028
842,0,1,-1,401152
800,0,1,-1,401244
768,0,1,-1,401394
736,0,1,-1,401495
708,0,1,-1,401653
691,0,1,-1,401752
696,0,1,-1,401880
692,0,1,-1,401995
691,0,1,-1,402132
697,0,1,-1,402230
692,0,1,-1,402350
698,0,1,-1,402469
701,0,1,-1,402561
695,0,1,-1,402688
683,0,1,-1,402829
679,0,1,-1,402965
659,0,1,-1,403076
649,0,1,-1,403256
644,0,1,-1,403366
648,0,1,-1,403518
646,0,1,-1,403679
648,0,1,-1,403796
656,0,1,-1,403903
670,0,1,-1,404047
